Florida, delegation, breakfast, @AmbJohnBolton, calls, Trump, NATO, comment, encouragement, Putin
@ChrisMillsCCN, @SteveDeaceShow, @tedcruz, speech, synopsis, #Trump, supporters, still, hate, #CruzCrew, still, loves, nThe, undecided, u2026
@EWErickson, Trump, Campaign, Promised, Lying, About, Cruz, https://t.co/yd2KZcnq5J'
don't, want, Damn, Trump, https://t.co/D9649YXtoo
@larry_kudlow, Catastrophic, vote, conscience, @SenTedCruz, career-ending, move, whistle, signal, vote, Trump, Literally, u2026
@HeimanLA, Electing, Donald, Trump, wouldn't, repudiation, Barack, Obama, would, repudiation, post-War, order, u2026
This, planned, attach, Cruz, However, Trump's, response, also, well, calculated, Advantage, Trump, #RNCinCLE
@TheTightestCunt, Trump, doesn't, make, Anime, illegal, moving, Canada
@tedcruz, began, congratulating, nominee, victory, last, time, mentioned, Trump, u2019s, name, What, delivered
Trump, raises, questions, commitment, NATO, allies, #news, https://t.co/y7Oqdow4o7'
